prior_claim_id,prior_claim_invoice
PRIOR-INV600126526,INV600126526
PRIOR-INV657060061,INV657060061
PRIOR-INV582945630,INV582945630
PRIOR-INV233469298,INV233469298
PRIOR-INV191653206,INV191653206
PRIOR-INV219630605,INV219630605
PRIOR-INV077894284,INV077894284
PRIOR-INV993474039,INV993474039
PRIOR-INV290241808,INV290241808
PRIOR-INV478852857,INV478852857
PRIOR-INV818532743,INV818532743
PRIOR-INV405840207,INV405840207
PRIOR-INV623883714,INV623883714
PRIOR-INV306113375,INV306113375
PRIOR-INV346776842,INV346776842
PRIOR-INV894139273,INV894139273
PRIOR-INV580747284,INV580747284
PRIOR-INV817456203,INV817456203
PRIOR-INV664702036,INV664702036
PRIOR-INV612870643,INV612870643
PRIOR-INV416368446,INV416368446
PRIOR-INV846373484,INV846373484
PRIOR-INV924507871,INV924507871
PRIOR-INV189873534,INV189873534
PRIOR-INV865492976,INV865492976
PRIOR-INV329223733,INV329223733
PRIOR-INV803219769,INV803219769
PRIOR-INV743639056,INV743639056
PRIOR-INV462833256,INV462833256
PRIOR-INV895907869,INV895907869
PRIOR-INV051154574,INV051154574
PRIOR-INV764737444,INV764737444
PRIOR-INV382347325,INV382347325
PRIOR-INV286269389,INV286269389
PRIOR-INV814920182,INV814920182
PRIOR-INV897625002,INV897625002
PRIOR-INV375541801,INV375541801
PRIOR-INV825629483,INV825629483
PRIOR-INV700324692,INV700324692
PRIOR-INV730562709,INV730562709
PRIOR-INV756486802,INV756486802
PRIOR-INV285468621,INV285468621
PRIOR-INV170844845,INV170844845
PRIOR-INV116453931,INV116453931
PRIOR-INV324420308,INV324420308
PRIOR-INV817212729,INV817212729
PRIOR-INV856072651,INV856072651
PRIOR-INV368829633,INV368829633
PRIOR-INV086029818,INV086029818
PRIOR-INV786576282,INV786576282
PRIOR-INV861199554,INV861199554
PRIOR-INV243560823,INV243560823
PRIOR-INV388686572,INV388686572
PRIOR-INV622624243,INV622624243
PRIOR-INV067993369,INV067993369
PRIOR-INV860320578,INV860320578
PRIOR-INV562170283,INV562170283
PRIOR-INV132145016,INV132145016
PRIOR-INV623306330,INV623306330
PRIOR-INV755154305,INV755154305
PRIOR-INV273417143,INV273417143
PRIOR-INV669800288,INV669800288
PRIOR-INV574456618,INV574456618
PRIOR-INV165495157,INV165495157
PRIOR-INV280242132,INV280242132
PRIOR-INV704537008,INV704537008
PRIOR-INV162252510,INV162252510
PRIOR-INV733055432,INV733055432
PRIOR-INV075308381,INV075308381
PRIOR-INV705076355,INV705076355
PRIOR-INV700945024,INV700945024
PRIOR-INV362384741,INV362384741
PRIOR-INV274996816,INV274996816
PRIOR-INV409282975,INV409282975
PRIOR-INV969609209,INV969609209
PRIOR-INV610414285,INV610414285
PRIOR-INV495544985,INV495544985
PRIOR-INV588907707,INV588907707
PRIOR-INV627310626,INV627310626
PRIOR-INV103217329,INV103217329
PRIOR-INV325962421,INV325962421
PRIOR-INV133586593,INV133586593
PRIOR-INV249633242,INV249633242
PRIOR-INV465408954,INV465408954
PRIOR-INV507812222,INV507812222
PRIOR-INV277766944,INV277766944
PRIOR-INV471726490,INV471726490
PRIOR-INV840896210,INV840896210
PRIOR-INV246076763,INV246076763
PRIOR-INV149102039,INV149102039
PRIOR-INV954192352,INV954192352
PRIOR-INV728054445,INV728054445
PRIOR-INV535923086,INV535923086
PRIOR-INV721508513,INV721508513
